City_ID,City,Lat,Lng,Max Temp,Humidity,Cloudiness,Wind Speed,Country,Date
0,blackmans bay,-43.0167,147.3167,280.11,87,16,0.45,AU,1697570457
1,prado,-17.3411,-39.2208,299.25,69,0,5.35,BR,1697570457
2,port-aux-francais,-49.35,70.2167,275.32,74,95,8.36,TF,1697570457
3,whitehorse,60.7161,-135.0538,281.58,82,75,2.57,CA,1697570351
4,hithadhoo,-0.6,73.0833,300.6,76,8,6.49,MV,1697570457
5,anadyr,64.75,177.4833,267.43,100,40,5.0,RU,1697570458
6,tannum sands,-23.9504,151.3693,292.09,68,12,2.57,AU,1697570458
7,mapimi,25.8167,-103.85,295.81,30,0,2.96,MX,1697570458
8,vorgashor,67.5833,63.95,274.71,92,100,2.62,RU,1697570458
9,argo,37.6333,22.7333,291.92,85,34,2.26,GR,1697570458
10,strelka,58.0728,93.0344,277.08,94,36,1.61,RU,1697570398
11,georgetown,5.4112,100.3354,299.27,91,20,2.06,MY,1697570167
12,touros,-5.1989,-35.4608,300.37,64,100,8.27,BR,1697570295
13,hamilton,39.1834,-84.5333,287.92,68,100,4.63,US,1697570459
14,didim,37.3756,27.2678,292.93,70,98,2.57,TR,1697570459
15,susuman,62.7833,148.1667,252.18,85,9,0.88,RU,1697570459
16,st. john's,47.5649,-52.7093,280.75,85,75,5.14,CA,1697570216
17,sungai penuh,-2.0833,101.3833,292.65,91,100,0.36,ID,1697570459
18,zima,53.9202,102.0442,276.68,83,100,6.7,RU,1697570459
19,bethel,41.3712,-73.414,290.18,62,75,2.06,US,1697570162
20,iqaluit,63.7506,-68.5145,272.0,54,100,3.09,CA,1697570460
21,andalgala,-27.5819,-66.3165,297.72,38,46,4.82,AR,1697570460
22,adamstown,-25.066,-130.1015,295.2,88,100,3.98,PN,1697570460
23,college,64.8569,-147.8028,274.86,85,75,0.89,US,1697570460
24,rio tuba,8.5061,117.4317,300.85,82,57,3.6,PH,1697570460
25,jiuquan,39.7432,98.5174,278.59,69,100,7.0,CN,1697570460
26,avarua,-21.2078,-159.775,296.18,73,49,4.12,CK,1697570460
27,chonchi,-42.6128,-73.8092,288.71,48,26,3.02,CL,1697570191
28,ushuaia,-54.8,-68.3,286.96,65,0,5.14,AR,1697570461
29,west island,-12.1568,96.8225,299.14,89,75,6.69,CC,1697570461
30,olonkinbyen,70.9221,-8.7187,273.08,76,100,3.01,SJ,1697570461
31,klyuchi,52.2667,79.1667,282.53,59,76,3.34,RU,1697570461
32,ribeira grande,38.5167,-28.7,294.69,88,75,6.17,PT,1697570461
33,preobrazheniye,42.9019,133.9064,282.84,51,23,3.58,RU,1697570461
34,condom,43.9167,0.3333,294.07,81,43,8.11,FR,1697570462
35,yellowknife,62.456,-114.3525,274.44,100,100,1.03,CA,1697570462
36,kas,36.2018,29.6377,294.9,64,100,2.97,TR,1697570462
37,albany,42.6001,-73.9662,288.68,66,93,0.45,US,1697570289
38,ridgecrest,35.6225,-117.6709,302.42,18,0,0.89,US,1697570266
39,papatowai,-46.5619,169.4708,279.26,72,100,4.38,NZ,1697570462
40,al bawiti,28.3492,28.8659,296.11,47,0,2.49,EG,1697570463
41,waitangi,-43.9535,-176.5597,283.61,81,1,0.89,NZ,1697570463
42,puerto natales,-51.7236,-72.4875,286.4,50,75,12.35,CL,1697570463
43,selfoss,63.9331,-20.9971,282.62,95,100,9.53,IS,1697570168
44,kargasok,59.0556,80.8572,282.02,92,68,3.13,RU,1697570463
45,baruun-urt,46.6806,113.2792,275.59,44,100,4.64,MN,1697570464
46,al bayda',32.7627,21.7551,290.33,89,0,1.77,LY,1697570464
47,tiksi,71.6872,128.8694,257.23,100,100,0.8,RU,1697570464
48,hawaiian paradise park,19.5933,-154.9731,300.31,79,40,1.54,US,1697570464
49,tual,-5.6667,132.75,299.9,82,48,6.78,ID,1697570464
50,arno,60.1167,18.6333,280.81,81,100,5.17,SE,1697570464
51,port mathurin,-19.6833,63.4167,297.17,83,3,4.06,MU,1697570465
52,qulsary,46.9531,54.0198,283.81,58,100,5.64,KZ,1697570465
53,lihue,21.9789,-159.3672,300.57,62,0,2.57,US,1697570404
54,orhangazi,40.4892,29.3089,287.99,77,100,2.41,TR,1697570465
55,uray,60.1247,64.7758,285.3,67,6,5.36,RU,1697570465
56,north platte,41.1239,-100.7654,300.99,25,0,5.66,US,1697570466
57,santo domingo,18.5001,-69.9886,306.95,74,40,6.17,DO,1697570168
58,iskateley,67.6803,53.1512,274.27,89,100,4.02,RU,1697570466
59,yeniseysk,58.4497,92.1703,279.23,70,99,2.24,RU,1697570466
60,agria,47.9026,20.3733,281.48,53,100,1.37,HU,1697570466
61,bandarbeyla,9.4942,50.8122,300.13,84,19,3.26,SO,1697570466
62,edinburgh of the seven seas,-37.0676,-12.3116,285.74,75,100,4.91,SH,1697570303
63,enewetak,11.3474,162.3373,301.72,76,99,6.56,MH,1697570467
64,thompson,55.7435,-97.8558,287.24,62,40,2.57,CA,1697570467
65,conway,35.0887,-92.4421,296.04,40,0,3.09,US,1697570439
66,port alfred,-33.5906,26.891,290.47,88,0,1.34,ZA,1697570467
67,margaret river,-33.95,115.0667,288.45,84,100,4.47,AU,1697570467
68,wailua homesteads,22.0669,-159.378,300.23,63,0,2.57,US,1697570467
69,tommot,58.9564,126.2925,272.2,98,100,2.11,RU,1697570429
70,pitimbu,-7.4706,-34.8086,301.48,61,100,7.02,BR,1697570467
71,teruel,40.6667,-0.6667,287.24,73,91,4.25,ES,1697570468
72,happy valley-goose bay,53.3168,-60.3315,279.32,61,75,3.6,CA,1697570468
73,praia da vitoria,38.7333,-27.0667,295.29,73,20,3.56,PT,1697570468
74,gadzhiyevo,69.2551,33.3362,275.29,70,100,6.84,RU,1697570304
75,grytviken,-54.2811,-36.5092,275.44,81,86,4.9,GS,1697570277
76,sao jose da coroa grande,-8.8978,-35.1478,299.29,66,100,5.24,BR,1697570468
77,abu zabad,12.35,29.25,302.5,26,81,3.55,SD,1697570468
78,olyokminsk,60.3736,120.4264,274.26,67,100,3.58,RU,1697570468
79,pisco,-13.7,-76.2167,294.18,83,20,5.66,PE,1697570469
80,newman,37.3138,-121.0208,299.39,48,0,3.58,US,1697570469
81,semenivka,52.1783,32.5818,278.72,65,8,4.87,UA,1697570469
82,nandlstadt,48.5333,11.8,278.41,92,0,2.06,DE,1697570469
83,linhares,-19.3911,-40.0722,302.46,55,38,5.66,BR,1697570469
84,mermoz boabab,14.7065,-17.4758,302.03,79,75,2.06,SN,1697570469
85,stanley,54.868,-1.6985,281.64,94,20,2.06,GB,1697570470
86,winslow,35.0242,-110.6974,299.25,15,0,0.0,US,1697570470
87,okha,53.5739,142.9478,279.29,88,100,4.61,RU,1697570470
88,phra pradaeng,13.6585,100.5336,302.12,90,60,1.36,TH,1697570470
89,berezovo,63.9381,65.0419,279.8,85,100,5.36,RU,1697570470
90,kodiak,57.79,-152.4072,281.88,81,20,3.09,US,1697570155
91,haapsalu,58.9431,23.5414,282.54,85,100,1.58,EE,1697570470
92,reggane,26.7158,0.1714,303.15,14,1,2.32,DZ,1697570400
93,morondava,-20.2833,44.2833,298.62,71,87,3.14,MG,1697570471
94,bilibino,68.0546,166.4372,258.13,100,100,1.11,RU,1697570319
95,invercargill,-46.4,168.35,280.38,81,100,1.79,NZ,1697570471
96,agadez,19.75,10.25,302.56,14,32,3.43,NE,1697570471
97,chui,-33.6971,-53.4616,288.43,59,3,7.69,UY,1697570471
98,duba,27.3513,35.6901,299.97,60,0,3.4,SA,1697570471
99,pandan,14.0453,124.1694,299.6,87,42,4.92,PH,1697570472
100,shiqi,22.5168,113.3852,299.1,74,100,4.23,CN,1697570472
101,cosala,24.4125,-106.6908,306.75,32,2,1.56,MX,1697570472
102,tura,25.5198,90.2201,292.98,90,0,1.56,IN,1697570472
103,isafjordur,66.0755,-23.124,278.56,92,100,5.93,IS,1697570472
104,kingston,17.997,-76.7936,305.68,68,20,4.63,JM,1697570321
105,qaqortoq,60.7167,-46.0333,273.86,59,8,5.09,GL,1697570472
106,east london,-33.0153,27.9116,291.32,77,4,8.77,ZA,1697570472
107,kinel',53.2333,50.65,279.86,64,35,6.07,RU,1697570473
108,ranau,5.9538,116.6641,294.68,98,94,0.33,MY,1697570473
109,sinabang,2.4803,96.3801,298.28,85,100,1.47,ID,1697570305
110,punta arenas,-53.15,-70.9167,284.21,62,75,9.77,CL,1697570473
111,yarmouth,41.7057,-70.2286,288.72,83,100,4.47,US,1697570473
112,kismayo,-0.3582,42.5454,299.55,87,48,6.26,SO,1697570473
113,princeville,45.7668,-61.2985,282.77,96,100,3.58,CA,1697570473
114,man,7.4125,-7.5538,295.86,95,35,0.33,CI,1697570474
115,pyu,18.4833,96.4333,296.12,95,48,0.61,MM,1697570474
116,kokstad,-30.5472,29.4241,281.86,95,3,1.76,ZA,1697570474
117,hadibu,12.65,54.0333,300.69,74,5,2.79,YE,1697570398
118,new norfolk,-42.7826,147.0587,280.77,94,16,1.57,AU,1697570474
119,dudinka,69.4058,86.1778,272.97,98,100,2.68,RU,1697570474
120,alice springs,-23.7,133.8833,282.9,40,0,2.06,AU,1697570221
121,curup,-3.4667,102.5333,293.21,90,100,0.88,ID,1697570474
122,kuqa,41.7278,82.9364,285.4,35,0,2.4,CN,1697570475
123,weno,7.4515,151.8468,299.12,94,40,1.54,FM,1697570475
124,ivins,37.1686,-113.6794,302.62,21,34,0.89,US,1697570345
125,puerto lempira,15.2667,-83.7667,301.23,74,75,4.63,HN,1697570475
126,vila franca do campo,37.7167,-25.4333,294.38,99,100,5.6,PT,1697570475
127,cam ranh,11.9214,109.1591,298.13,94,40,1.54,VN,1697570475
128,ilulissat,69.2167,-51.1,259.16,66,20,1.54,GL,1697570475
129,kenai,60.5544,-151.2583,279.9,95,0,0.0,US,1697570476
130,mejit,10.2753,170.8646,300.85,79,72,5.19,MH,1697570476
131,beau vallon,-20.4189,57.6953,298.27,88,75,1.54,MU,1697570476
132,namdrik,5.5994,168.1028,300.92,72,6,0.7,MH,1697570476
133,taoudenni,22.6783,-3.9836,307.28,12,0,3.05,ML,1697570476
134,polyarnyy,69.1989,33.4478,275.37,71,100,6.75,RU,1697570476
135,flying fish cove,-10.4217,105.6791,298.97,88,75,4.63,CX,1697570342
136,geraldton,-28.7667,114.6,291.38,77,100,5.66,AU,1697570357
137,lieksa,63.3167,30.0167,274.74,91,96,4.7,FI,1697570477
138,auna,10.1881,4.7232,300.52,72,97,1.69,NG,1697570477
139,bahia blanca,-38.7196,-62.2724,297.49,12,0,2.68,AR,1697570215
140,arraial do cabo,-22.9661,-42.0278,299.07,78,0,4.63,BR,1697570198
141,acarau,-2.8856,-40.12,301.52,64,100,8.84,BR,1697570477
142,nizhneudinsk,54.9076,99.0276,277.05,96,99,2.68,RU,1697570477
143,badger,64.8,-147.5333,274.81,85,75,0.0,US,1697570477
144,jamestown,42.097,-79.2353,283.16,90,100,2.24,US,1697570401
145,tadine,-21.55,167.8833,295.38,90,100,6.79,NC,1697570478
146,fale old settlement,-9.3852,-171.2468,301.0,77,100,4.57,TK,1697570478
147,sao tome,0.3365,6.7273,299.45,83,43,1.88,ST,1697570478
148,yashikira,9.7667,3.4,299.98,69,100,0.8,NG,1697570478
149,neiafu,-18.65,-173.9833,298.53,78,40,5.66,TO,1697570478
150,ghormach,35.7306,63.7826,292.23,40,100,0.81,AF,1697570478
151,ust-nera,64.5667,143.2,253.72,95,86,1.49,RU,1697570479
152,tluszcz,52.4306,21.4356,280.91,66,91,3.1,PL,1697570479
153,viana do castelo,41.6932,-8.8329,292.46,96,100,8.88,PT,1697570479
154,mo i rana,66.3128,14.1428,275.0,86,0,0.51,NO,1697570479
155,morristown,36.214,-83.2949,287.24,63,100,0.0,US,1697570281
156,hilo,19.7297,-155.09,300.43,70,40,1.79,US,1697570479
157,tralee,52.2704,-9.7026,284.38,92,100,9.13,IE,1697570479
158,longyearbyen,78.2186,15.6401,269.06,58,0,5.14,SJ,1697570452
159,petropavlovsk-kamchatsky,53.0452,158.6483,279.51,88,75,2.24,RU,1697570480
160,lubang,13.8584,120.124,301.39,79,35,9.83,PH,1697570480
161,slave lake,55.2834,-114.769,283.14,87,100,7.2,CA,1697570407
162,utrik,11.2278,169.8474,301.48,77,14,6.66,MH,1697570476
163,fayzabad,37.1166,70.58,287.92,38,100,2.8,AF,1697570480
164,mantua,45.1667,10.7833,286.73,76,100,2.9,IT,1697570481
165,monte carmelo,-18.7247,-47.4986,306.95,24,95,1.02,BR,1697570481
166,myitkyina,25.3833,97.4,293.67,82,0,0.88,MM,1697570481
167,lodja,-3.4833,23.4333,295.13,95,62,0.84,CD,1697570481
168,berdigestyakh,62.0989,126.6992,268.31,69,100,4.47,RU,1697570481
169,jalingo,8.8833,11.3667,297.66,86,84,1.44,NG,1697570481
170,santa cruz,-17.8,-63.1667,310.18,34,20,8.75,BO,1697570236
171,minas de marcona,-15.2119,-75.1103,292.75,65,38,4.83,PE,1697570482
172,nar'yan-mar,67.6713,53.087,274.32,89,100,4.02,RU,1697570482
173,blairgowrie,56.5916,-3.3405,283.66,92,100,0.89,GB,1697570482
174,gaiman,-43.2897,-65.4929,294.26,19,5,5.01,AR,1697570482
175,san patricio,28.017,-97.5169,298.07,29,0,0.74,US,1697570482
176,kasba tadla,32.5977,-6.2684,300.21,37,43,4.44,MA,1697570482
177,gamboula,4.1178,15.1393,294.4,97,100,1.38,CF,1697570483
178,yoloten,37.2989,62.3597,291.15,41,54,5.62,TM,1697570483
179,kapuskasing,49.4169,-82.4331,285.2,62,0,2.57,CA,1697570330
180,hovd,48.0056,91.6419,276.47,34,13,0.57,MN,1697570483
181,karratha,-20.7377,116.8463,300.63,26,0,3.71,AU,1697570483
182,uruzgan,32.8333,66.0,287.34,25,98,0.37,AF,1697570483
183,bredasdorp,-34.5322,20.0403,289.62,83,0,1.19,ZA,1697570484
184,puerto deseado,-47.7503,-65.8938,284.82,49,0,5.32,AR,1697570484
185,talara,-4.5772,-81.2719,302.57,54,0,5.14,PE,1697570202
186,hermanus,-34.4187,19.2345,290.52,81,0,2.35,ZA,1697570484
187,kapa'a,22.0752,-159.319,300.98,62,0,2.57,US,1697570484
188,eyl,7.9803,49.8164,300.66,80,37,4.41,SO,1697570485
189,lecco,45.8533,9.3905,287.62,76,100,1.34,IT,1697570323
190,la libertad,-2.2333,-80.9,301.96,65,20,4.12,EC,1697570485
191,kinablangan,7.6947,126.5503,298.73,87,72,2.12,PH,1697570485
192,colonia,50.9333,6.95,283.07,71,0,3.09,DE,1697570485
193,atasu,48.6814,71.6433,282.95,56,0,3.35,KZ,1697570486
194,gorontalo,0.5412,123.0595,296.88,95,5,0.91,ID,1697570486
195,mudgee,-32.5943,149.5871,284.14,84,37,3.84,AU,1697570249
196,puerto ayora,-0.7393,-90.3518,305.13,87,100,2.68,EC,1697570486
197,tengrela,10.4869,-6.4097,299.87,65,71,1.05,CI,1697570487
198,santyoku,37.4406,129.1708,286.24,55,54,3.0,KR,1697570487
199,awjilah,29.1081,21.2869,296.96,37,0,2.61,LY,1697570422
200,katsuura,35.1333,140.3,291.46,74,39,2.23,JP,1697570487
201,mala,-12.6581,-76.6308,295.22,74,97,3.68,PE,1697570488
202,atafu village,-8.5421,-172.5159,301.55,74,100,4.57,TK,1697570278
203,usinsk,65.9939,57.5281,275.41,99,100,7.15,RU,1697570488
204,kidal,18.4411,1.4078,305.86,15,65,0.52,ML,1697570488
205,okhotsk,59.3833,143.3,264.89,71,24,5.63,RU,1697570488
206,pacific grove,36.6177,-121.9166,300.59,72,0,2.57,US,1697570194
207,mar del plata,-38.0023,-57.5575,288.16,43,0,6.69,AR,1697570416
208,aasiaat,68.7098,-52.8699,257.48,85,30,3.27,GL,1697570489
209,yuzhno-kurilsk,44.0306,145.8556,283.91,75,92,13.33,RU,1697570489
210,hobyo,5.3505,48.5268,301.09,79,83,5.32,SO,1697570489
211,nikolayevsk-on-amure,53.1406,140.73,277.1,93,99,1.49,RU,1697570490
212,tazovsky,67.4667,78.7,276.83,95,100,5.64,RU,1697570490
213,petoskey,45.3733,-84.9553,283.94,78,7,3.39,US,1697570490
214,uturoa,-16.7333,-151.4333,299.5,77,100,8.5,PF,1697570490
215,aleysk,52.4926,82.7822,279.24,68,0,2.47,RU,1697570490
216,narrabri,-30.3167,149.7833,284.0,71,0,1.34,AU,1697570490
217,alto araguaia,-17.3147,-53.2153,309.77,19,41,3.09,BR,1697570491
218,wasco,35.5941,-119.341,300.61,53,0,1.54,US,1697570491
219,naze,28.3667,129.4833,290.66,69,0,2.35,JP,1697570491
220,talnakh,69.4865,88.3972,271.6,97,100,3.93,RU,1697570491
221,taltal,-25.4,-70.4833,291.97,64,26,2.92,CL,1697570348
222,nuuk,64.1835,-51.7216,269.49,50,20,8.23,GL,1697570491
223,kharkhorin,47.1975,102.8238,275.27,26,90,3.06,MN,1697570492
224,yigo village,13.5361,144.8886,297.67,90,75,7.2,GU,1697570492
225,pangody,65.85,74.4859,278.74,97,100,5.23,RU,1697570492
226,acapulco de juarez,16.8634,-99.8901,305.05,43,100,1.54,MX,1697570391
227,manokwari,-0.8667,134.0833,299.03,75,16,1.25,ID,1697570492
228,pimentel,-6.8367,-79.9342,298.31,61,0,8.75,PE,1697570492
229,melfort,52.8667,-104.6177,282.22,87,100,4.63,CA,1697570493
230,keflavik,64.0049,-22.5624,283.39,93,100,13.38,IS,1697570493
231,pucheng,27.9233,118.5333,287.06,85,0,0.81,CN,1697570493
232,mitsamiouli,-11.3847,43.2844,298.92,76,56,4.46,KM,1697570493
233,pacocha,-17.5833,-71.3333,294.23,68,20,3.6,PE,1697570493
234,chibougamau,49.9168,-74.3659,284.94,50,0,2.57,CA,1697570494
235,afaahiti,-17.75,-149.2833,300.08,83,95,7.38,PF,1697570494
236,mandalgovi,45.7625,106.2708,276.3,31,100,6.97,MN,1697570494
237,la manga del mar menor,37.6413,-0.7165,296.71,78,0,1.54,ES,1697570392
238,sitia,35.2,26.0986,295.36,74,90,2.39,GR,1697570494
239,kushiro,42.975,144.3747,283.11,76,26,6.51,JP,1697570494
240,lebu,-37.6167,-73.65,287.47,66,0,5.7,CL,1697570495
241,nova vicosa,-17.8919,-39.3719,300.06,66,9,6.46,BR,1697570495
242,nebbi,2.4783,31.0889,293.41,86,19,1.62,UG,1697570495
243,hailar,49.2,119.7,274.83,52,30,5.46,CN,1697570495
244,rio grande,-32.035,-52.0986,295.21,67,100,9.29,BR,1697570495
245,port blair,11.6667,92.75,300.38,79,27,1.71,IN,1697570495
246,el granada,37.5027,-122.4694,300.3,76,20,1.54,US,1697570496
247,itoman,26.1247,127.6694,296.16,60,0,3.6,JP,1697570496
248,manwat,19.3,76.5,298.58,57,96,2.94,IN,1697570496
249,lagos,6.5833,3.75,299.33,95,77,1.37,NG,1697570338
250,mount pleasant,32.7941,-79.8626,294.82,52,0,2.68,US,1697570496
251,juan griego,11.0817,-63.9655,304.26,62,7,5.88,VE,1697570496
252,walvis bay,-22.9575,14.5053,288.76,82,49,3.09,NA,1697570497
253,nouadhibou,20.931,-17.0347,299.14,65,3,8.75,MR,1697570244
254,fonte boa,-2.4959,-66.2662,308.98,38,41,0.91,BR,1697570497
255,nova sintra,14.8667,-24.7167,298.2,71,0,7.28,CV,1697570497
256,aketi,2.7388,23.7833,296.95,76,16,1.2,CD,1697570497
257,sitka,57.0531,-135.33,286.09,58,100,10.29,US,1697570497
258,gazojak,41.1875,61.4036,290.78,25,100,3.67,TM,1697570497
259,carbonear,47.7332,-53.2148,280.61,80,100,4.59,CA,1697570498
260,namibe,-15.1961,12.1522,291.6,78,81,1.82,AO,1697570382
261,la'ie,21.6477,-157.9253,301.54,82,0,1.34,US,1697570498
262,remire-montjoly,4.9167,-52.2667,304.17,70,75,5.66,GF,1697570200
263,fort st. john,56.2499,-120.8529,282.09,81,75,3.09,CA,1697570441
264,port saint john's,-31.6229,29.5448,290.68,86,15,4.9,ZA,1697570498
265,bosaso,11.2842,49.1816,300.2,79,40,1.65,SO,1697570498
266,codrington,-38.2667,141.9667,278.29,87,0,3.45,AU,1697570499
267,nenjiang,49.1833,125.2167,277.75,59,0,3.77,CN,1697570499
268,havre,49.5833,0.3333,288.26,67,0,7.72,FR,1697570499
269,banda aceh,5.5577,95.3222,299.44,77,100,4.75,ID,1697570499
270,aswan,24.0934,32.907,300.76,22,0,3.6,EG,1697570499
271,san antonio de pale,-1.4014,5.6325,298.71,78,40,2.47,GQ,1697570499
272,kuanda,56.3161,116.0806,269.27,89,36,0.85,RU,1697570500
273,smithers,54.7804,-127.1743,280.33,93,100,4.12,CA,1697570500
274,greymouth,-42.4667,171.2,280.11,90,48,2.8,NZ,1697570500
275,belmonte,-15.8631,-38.8828,299.45,63,3,3.75,BR,1697570500
276,as sulayyil,20.4607,45.5779,301.29,15,0,2.68,SA,1697570500
277,kalymnos,36.95,26.9833,293.89,64,20,3.09,GR,1697570500
278,kupang,-10.1667,123.5833,299.47,78,13,4.63,ID,1697570500
279,camiri,-20.05,-63.5167,307.03,36,75,3.09,BO,1697570501
280,basco,20.4487,121.9702,300.04,72,100,8.67,PH,1697570501
281,tolanaro,-25.0319,46.9987,296.19,78,75,6.69,MG,1697570501
282,nelson bay,-32.7167,152.15,290.37,92,93,3.13,AU,1697570501
283,island harbour,50.724,-1.2758,286.49,77,100,6.71,GB,1697570501
284,purwakarta,-6.5569,107.4433,299.47,65,85,1.26,ID,1697570501
285,boyolangu,-8.1181,111.8935,296.29,95,99,1.53,ID,1697570502
286,vicuna,-30.0319,-70.7081,301.91,29,12,4.08,CL,1697570502
287,vilhena,-12.7406,-60.1458,304.11,44,47,3.71,BR,1697570502
288,ende,-8.8432,121.6623,297.31,82,36,1.21,ID,1697570502
289,san fernando,15.0286,120.6898,299.0,88,16,1.93,PH,1697570502
290,greenville,35.6127,-77.3663,293.23,52,40,2.06,US,1697570439
291,montevallo,33.1007,-86.8642,293.87,54,0,1.54,US,1697570502
292,torghay,49.6339,63.4981,284.54,38,0,4.0,KZ,1697570503
293,dompu,-8.5356,118.4622,296.15,91,12,1.22,ID,1697570503
294,launceston,-41.45,147.1667,280.26,100,10,0.0,AU,1697570503
295,bulolo,-7.2,146.65,293.61,97,100,0.76,PG,1697570503
296,clinton,42.587,-82.9199,285.34,72,0,1.79,US,1697570503
297,carnarvon,-24.8667,113.6333,295.61,51,0,8.48,AU,1697570503
298,boston,42.3584,-71.0598,289.07,78,75,3.6,US,1697570139
299,vilyuchinsk,52.9306,158.4028,280.33,84,97,0.89,RU,1697570504
300,sabang,5.8933,95.3214,300.61,73,100,7.15,ID,1697570504
301,port elizabeth,-33.918,25.5701,290.55,91,0,5.14,ZA,1697570231
302,san julian,21.0167,-102.1667,294.52,27,92,3.14,MX,1697570504
303,soe,-9.8607,124.284,290.4,79,7,1.93,ID,1697570504
304,kloulklubed,7.0419,134.2556,301.03,76,6,1.49,PW,1697570504
305,berlin,52.5244,13.4105,282.58,80,75,1.03,DE,1697569773
306,crane,31.3974,-102.3501,298.81,22,0,7.18,US,1697570505
307,tan-tan,28.438,-11.1032,297.03,63,0,3.35,MA,1697570505
308,izluchinsk,60.9794,76.9242,283.15,96,78,4.09,RU,1697570362
309,usogorsk,63.4106,48.6872,276.3,87,100,3.99,RU,1697570505
310,kanniyakumari,8.0833,77.5667,299.26,86,100,4.23,IN,1697570505
311,mazagao,-0.115,-51.2894,308.18,37,24,2.7,BR,1697570505
312,kimovsk,53.9716,38.5319,276.94,74,98,7.9,RU,1697570505
313,nagato,34.3833,131.2,289.72,70,0,1.52,JP,1697570506
314,ketchikan,55.3422,-131.6461,284.14,87,100,7.72,US,1697570506
315,emerald,-23.5333,148.1667,292.23,74,62,5.96,AU,1697570491
316,ballycastle,55.2044,-6.243,285.12,76,100,10.16,GB,1697570506
317,barcelos,41.5388,-8.6151,293.23,95,100,7.63,PT,1697570506
318,nizhnyaya poyma,56.1622,97.1933,277.4,86,95,4.48,RU,1697570506
319,lepsy,46.235,78.9456,284.06,48,0,9.1,KZ,1697570507
320,altamira,-3.2033,-52.2064,311.01,28,81,0.85,BR,1697570507
321,amga,60.8953,131.9608,269.81,52,100,3.13,RU,1697570507
322,igrim,63.1906,64.4162,283.16,85,100,4.02,RU,1697570507
323,lodwar,3.1191,35.5973,302.92,50,80,3.86,KE,1697570507
324,chimoio,-19.1164,33.4833,295.07,94,40,1.8,MZ,1697570507
325,pitoa,9.3833,13.5333,300.01,68,85,1.58,CM,1697570508
326,manta,-0.95,-80.7333,303.03,66,75,3.09,EC,1697570508
327,marsh harbour,26.5412,-77.0636,297.63,52,28,4.15,BS,1697570508
328,labuan,5.2767,115.2417,301.35,94,20,0.51,MY,1697570509
329,mount darwin,-16.7725,31.5838,294.16,79,81,2.58,ZW,1697570509
330,grand falls-windsor,48.9332,-55.6649,278.99,82,100,0.45,CA,1697570509
331,vwawa,-9.1167,32.9333,296.14,49,100,1.15,TZ,1697570509
332,luderitz,-26.6481,15.1594,292.92,64,1,4.25,NA,1697570249
333,shakawe,-18.3667,21.85,297.71,10,100,2.9,BW,1697570510
334,baykalovo,57.3981,63.7684,285.86,61,0,7.31,RU,1697570510
335,vrangel',42.7297,133.0839,283.17,50,24,2.09,RU,1697570510
336,saipan,15.1355,145.701,301.54,89,75,4.63,MP,1697570510
337,dunedin,-45.8742,170.5036,279.95,77,91,1.57,NZ,1697570510
338,mossel bay,-34.1831,22.146,290.85,79,0,1.4,ZA,1697570385
339,antsiranana,-12.2787,49.2917,297.39,83,11,5.12,MG,1697570511
340,al burayqah,30.4062,19.5739,296.75,67,0,3.26,LY,1697570511
341,road town,18.4167,-64.6167,304.2,70,20,3.6,VG,1697570511
342,smara,26.7384,-11.6719,304.84,21,15,2.53,EH,1697570512
343,talcahuano,-36.7167,-73.1167,293.97,46,0,2.06,CL,1697570512
344,bubaque,11.2833,-15.8333,301.02,76,52,2.31,GW,1697570299
345,jayapura,-2.5333,140.7,297.37,91,83,1.24,ID,1697570512
346,grantsville,40.5999,-112.4644,295.73,47,0,1.84,US,1697570512
347,jilib,0.4883,42.7854,299.32,84,48,3.85,SO,1697570512
348,long beach,33.767,-118.1892,304.25,71,0,2.57,US,1697570290
349,mananjary,-21.2167,48.3333,296.07,92,95,5.12,MG,1697570513
350,rice lake,45.5061,-91.7382,290.17,54,40,2.57,US,1697570513
351,amalapuram,16.5833,82.0167,297.94,82,51,0.8,IN,1697570513
352,dapa,9.7594,126.0531,300.24,78,84,1.28,PH,1697570513
353,carahue,-38.7,-73.1667,296.2,32,0,2.69,CL,1697570514
354,tuchkovo,55.6011,36.4681,277.04,89,100,5.95,RU,1697570514
355,ola,59.5833,151.2833,271.16,61,0,5.75,RU,1697570349
356,nizhniy lomov,53.5304,43.6766,276.95,72,100,7.45,RU,1697570514
357,saint-philippe,-21.3585,55.7679,297.92,83,100,2.87,RE,1697570514
358,akureyri,65.6835,-18.0878,279.11,70,75,1.54,IS,1697570514
359,jumla,29.2747,82.1838,279.04,83,3,1.92,NP,1697570514
360,novorozhdestvenskaya,45.8619,39.9542,283.76,64,62,2.44,RU,1697570515
361,flat rock,42.0964,-83.2919,285.39,71,100,3.09,US,1697570515
362,sheridan,44.8333,-106.9173,296.66,38,0,0.45,US,1697570515
363,tipitapa,12.1973,-86.0971,306.16,58,40,3.09,NI,1697570515
364,humaita,-7.5061,-63.0208,313.97,22,81,1.5,BR,1697570515
365,al kharijah,25.4514,30.5464,296.87,35,0,3.96,EG,1697570515
366,angren,41.0167,70.1436,287.78,30,1,1.54,UZ,1697570515
367,rurrenabaque,-14.4413,-67.5278,310.98,38,40,4.63,BO,1697570516
368,niafunke,15.9322,-3.9906,307.86,25,77,2.68,ML,1697570516
369,kurumkan,54.3,110.3,274.89,78,97,2.24,RU,1697570516
370,pasni,25.2631,63.471,299.52,85,4,3.43,PK,1697570516
371,kassala,15.451,36.4,305.39,40,95,2.56,SD,1697570516
372,saurimo,-9.6608,20.3916,293.29,91,66,1.31,AO,1697570516
373,ambovombe,-25.1667,46.0833,294.88,91,100,5.27,MG,1697570516
374,broome,42.2506,-75.833,287.48,80,100,2.06,US,1697570517
375,kamakhyanagar,20.9333,85.55,296.83,81,8,0.86,IN,1697570517
376,brookhaven,31.5791,-90.4407,297.17,31,0,1.99,US,1697570517
377,aykhal,66.0,111.5,265.41,98,96,2.24,RU,1697570517
378,puerto aysen,-45.4,-72.7,287.31,83,100,0.88,CL,1697570517
379,takoradi,4.8845,-1.7554,298.26,87,45,2.53,GH,1697570517
380,pipri,19.8,75.5333,297.4,60,5,3.01,IN,1697570517
381,aral,40.5156,81.2636,287.27,31,29,3.97,CN,1697570518
382,veseloyarsk,51.2836,81.1056,280.14,57,4,2.56,RU,1697570518
383,obo,5.3998,26.4869,293.68,96,95,0.46,CF,1697570518
384,zouerate,22.7187,-12.4521,306.51,17,66,1.59,MR,1697570518
385,hunstanton,52.95,0.5,283.21,82,97,9.22,GB,1697570518
386,champerico,14.3,-91.9167,304.45,75,100,2.28,GT,1697570518
387,soio,-6.1349,12.3689,298.65,82,50,2.91,AO,1697570518
388,martapura,-3.4167,114.85,300.2,100,18,2.06,ID,1697570518
389,kasane,-17.8167,25.15,299.66,15,100,2.72,BW,1697570519
390,uzgen,40.7699,73.3007,282.31,35,67,2.21,KG,1697570519
391,guiratinga,-16.3494,-53.7583,311.59,18,18,2.22,BR,1697570519
392,mossendjo,-2.9506,12.7261,295.37,94,88,0.43,CG,1697570519
393,qarauyl,48.9451,79.255,277.92,55,6,3.02,KZ,1697570422
394,daru,-9.0763,143.2092,298.01,90,100,4.31,PG,1697570519
395,kailua-kona,19.6406,-155.9956,302.75,68,0,2.57,US,1697570221
396,zilair,52.2332,57.4392,280.04,90,100,4.86,RU,1697570519
397,aljezur,37.3191,-8.8033,293.45,89,98,6.52,PT,1697570520
398,bardai,11.65,7.2333,300.33,49,21,1.15,NG,1697570348
399,dalhart,36.0595,-102.5133,300.65,21,0,6.69,US,1697570520
400,thames,-37.1333,175.5333,288.12,88,66,1.1,NZ,1697570520
401,ulladulla,-35.35,150.4667,285.24,69,100,1.98,AU,1697570520
402,constantia,44.1833,28.65,284.65,57,100,4.0,RO,1697570520
403,labytnangi,66.6572,66.4183,274.37,100,100,1.53,RU,1697570520
404,malvan,16.0667,73.4667,300.49,84,69,0.49,IN,1697570521
405,muscat,23.6139,58.5922,305.16,56,95,2.93,OM,1697570521
406,xinmin,41.9908,122.8253,288.25,69,100,6.99,CN,1697570521
407,fisterra,42.9049,-9.2629,293.72,95,100,11.81,ES,1697570521
408,xilin hot,43.9667,116.0333,277.94,58,100,2.6,CN,1697570521
409,semikarakorsk,47.5194,40.8112,283.74,64,93,2.94,RU,1697570521
410,trairi,-3.2778,-39.2689,300.96,63,100,6.75,BR,1697570423
411,peniche,39.3558,-9.3811,293.21,96,92,10.07,PT,1697570522
412,valparaiso,-33.0393,-71.6273,293.28,59,0,6.17,CL,1697570278
413,wlodawa,51.55,23.55,278.88,64,28,2.5,PL,1697570522
414,ribeira brava,32.65,-17.0667,297.5,58,68,3.68,PT,1697570369
415,youssoufia,32.2463,-8.5294,294.43,85,5,4.95,MA,1697570522
416,banamba,13.55,-7.45,303.05,44,100,2.76,ML,1697570522
417,lucaya,26.5333,-78.6667,297.11,60,40,4.63,BS,1697570522
418,berehove,48.2056,22.6442,279.23,55,100,1.88,UA,1697570523
419,otegen batyra,43.4278,77.0222,279.46,87,20,1.0,KZ,1697570523
420,byron bay,-28.65,153.6167,287.99,60,100,2.68,AU,1697570135
421,hammerfest,70.6634,23.6821,272.4,93,100,1.54,NO,1697570523
422,rongelap,11.1635,166.8941,301.1,77,61,5.07,MH,1697570523
423,opuwo,-18.0607,13.84,298.05,18,5,3.85,NA,1697570423
424,lazaro cardenas,17.9583,-102.2,300.57,83,98,1.89,MX,1697570523
425,pizarro,4.9533,-77.366,302.34,69,75,2.98,CO,1697570524
426,berbera,10.4396,45.0143,302.18,67,1,3.38,SO,1697570524
427,el calafate,-50.3408,-72.2768,283.61,66,100,4.58,AR,1697570524
428,jinxiang,27.4327,120.6062,291.44,81,27,2.46,CN,1697570524
429,zeya,53.75,127.2667,275.09,37,100,1.99,RU,1697570524
430,port lincoln,-34.7333,135.8667,286.84,85,0,4.05,AU,1697570524
431,cockburn town,21.4612,-71.1419,302.38,69,18,1.56,TC,1697570494
432,sao vicente,-23.9631,-46.3919,303.86,54,100,3.58,BR,1697570525
433,nemuro,43.3236,145.575,283.94,74,88,10.05,JP,1697570525
434,noumea,-22.2763,166.4572,295.14,91,99,1.93,NC,1697570412
435,kirakira,-10.4544,161.9205,298.35,85,100,2.24,SB,1697570525
436,ulaangom,49.9811,92.0667,278.14,36,16,0.31,MN,1697570525
437,anzio,41.4853,12.6179,293.07,81,100,0.67,IT,1697570525
438,tromso,69.6496,18.957,273.16,74,20,1.54,NO,1697570525
439,hotan,37.0997,79.9269,286.24,27,99,4.34,CN,1697570525
440,chakari,-18.0629,29.8925,294.05,77,60,2.66,ZW,1697570526
441,kadaura,25.9833,79.85,297.21,62,5,1.58,IN,1697570526
442,igarka,67.4667,86.5833,273.44,87,100,5.84,RU,1697570526
443,juba,4.8517,31.5825,296.58,80,97,0.87,SS,1697570526
444,tavricheskoye,54.5851,73.6395,284.69,77,10,2.99,RU,1697570526
445,hutang,31.5333,119.4833,289.92,87,0,3.3,CN,1697570527
446,gisborne,-38.6533,178.0042,286.76,86,69,0.77,NZ,1697570527
447,severo-yeniseyskiy,60.3725,93.0408,270.14,98,100,1.34,RU,1697570527
448,thinadhoo,0.5333,72.9333,300.75,75,6,5.36,MV,1697570479
449,mikhaylovsk,45.1283,42.0256,280.66,78,0,3.13,RU,1697570527
450,saint-francois,46.4154,3.9054,292.97,80,0,2.06,FR,1697570527
451,pimenta bueno,-11.6725,-61.1936,308.79,33,99,1.4,BR,1697570527
452,callao,-12.0667,-77.15,300.22,68,40,5.66,PE,1697570528
453,rotorua,-38.1387,176.2452,288.99,99,100,1.31,NZ,1697570275
454,piti village,13.4626,144.6933,298.54,90,75,7.2,GU,1697570528
455,les avirons,-21.2418,55.3394,296.2,78,100,1.54,RE,1697570528
456,cradock,-32.1642,25.6192,292.39,42,0,1.31,ZA,1697570528
457,severnoye,56.3491,78.3619,281.47,91,3,2.68,RU,1697570528
458,diawara,15.022,-12.5437,307.28,33,9,3.42,SN,1697570528
459,vadso,70.0744,29.7487,274.64,80,0,5.14,NO,1697570529
460,el bauga,18.262,33.9081,303.1,20,21,5.86,SD,1697570529
461,gejiu,23.306,103.1635,284.34,96,51,1.1,CN,1697570529
462,southern pines,35.174,-79.3923,294.29,49,75,1.54,US,1697570523
463,alofi,-19.0595,-169.9187,297.09,64,100,9.26,NU,1697570529
464,egilsstadir,65.2653,-14.3948,279.1,70,75,2.57,IS,1697570529
465,holualoa,19.6228,-155.9522,299.06,69,0,2.57,US,1697570530
466,san luis de la loma,17.2706,-100.8939,300.99,83,100,2.99,MX,1697570530
467,wodonga,-36.1167,146.8833,280.35,100,0,1.18,AU,1697570530
468,illizi,26.4833,8.4667,305.04,20,100,6.68,DZ,1697570530
469,nogliki,51.8333,143.1667,282.23,84,98,3.13,RU,1697570530
470,tabou,4.423,-7.3528,298.32,88,14,1.87,CI,1697570530
471,batouri,4.4333,14.3667,294.91,97,100,0.48,CM,1697570530
472,sinop,41.7711,34.8709,282.67,88,100,2.24,TR,1697570531
473,kyaikkami,16.08,97.5675,300.28,76,97,0.1,MM,1697570531
474,nizhniy kuranakh,58.8353,125.4869,274.1,98,100,2.21,RU,1697570531
475,boonville,38.9736,-92.7432,294.15,43,8,0.89,US,1697570531
476,namtsy,62.7161,129.6658,269.28,49,100,2.39,RU,1697570531
477,gizo,-8.103,156.8419,300.55,80,91,1.62,SB,1697570346
478,paracuru,-3.41,-39.0306,300.43,64,100,7.14,BR,1697570531
479,anchorage,61.2181,-149.9003,282.79,86,100,0.45,US,1697570472
480,undurkhaan,47.3194,110.6556,276.91,38,100,5.48,MN,1697570532
481,ramnicu valcea,45.1,24.3667,279.97,57,100,1.91,RO,1697570532
482,uttar char fasson,22.2332,90.7132,298.63,74,7,2.34,BD,1697570532
483,hinton,53.4001,-117.5857,286.16,56,7,3.0,CA,1697570532
484,nkove,-7.95,30.85,298.27,76,26,1.33,TZ,1697570532
485,sisimiut,66.9395,-53.6735,267.4,83,85,3.33,GL,1697570533
486,kyzyl-suu,42.3414,78.0056,282.3,44,11,4.77,KG,1697570417
487,liman,48.9884,37.8023,277.79,61,6,2.82,UA,1697570533
488,tshikapa,-6.4167,20.8,297.23,80,22,1.31,CD,1697570533
489,colares,38.7992,-9.4469,293.03,96,75,5.81,PT,1697570533
490,alderetes,-26.8167,-65.1333,290.1,94,100,3.6,AR,1697570533
491,kotma,23.2,81.9667,292.95,84,9,0.69,IN,1697570534
492,meadow lake,34.8014,-106.5436,300.14,26,6,2.85,US,1697570534
493,aoulef,26.9667,1.0833,303.27,14,5,3.71,DZ,1697570534
494,qamdo,31.1667,97.2333,272.72,59,47,2.22,CN,1697570534
495,webster,42.0501,-71.8801,289.86,74,100,1.98,US,1697570535
496,vernon,50.2581,-119.2691,290.24,45,55,1.79,CA,1697570535
497,ta`u,-14.2336,-169.5144,299.41,81,68,8.0,AS,1697570535
498,hanceville,34.0607,-86.7675,291.83,42,2,2.26,US,1697570535
499,nadi,-17.8,177.4167,297.15,78,40,0.0,FJ,1697570535
500,kande,9.9578,1.0447,297.97,84,100,2.01,TG,1697570536
501,port hueneme,34.1478,-119.1951,309.01,75,0,4.12,US,1697570536
502,gornozavodsk,58.3758,58.3211,282.64,63,100,6.71,RU,1697570536
503,macon,39.8667,-88.9668,292.14,48,0,3.6,US,1697570536
504,plettenberg bay,-34.0527,23.3716,290.74,73,0,1.5,ZA,1697570536
505,ad dawadimi,24.5077,44.3924,299.79,13,4,5.45,SA,1697570537
506,jutai,-5.1833,-68.9,308.67,39,85,1.06,BR,1697570537
507,laguna,38.421,-121.4238,300.91,45,0,3.6,US,1697570537
508,cururupu,-1.8283,-44.8683,302.87,59,76,3.31,BR,1697570537
509,dauphin,51.1494,-100.0502,287.23,67,40,1.03,CA,1697570537
510,nizhnesortymskiy,62.4397,71.7603,280.11,92,65,5.55,RU,1697570537
511,zuyevka,58.405,51.1335,275.47,94,100,12.27,RU,1697570538
512,harper,4.375,-7.7169,298.51,86,21,2.23,LR,1697570538
513,al ghayzah,16.2079,52.176,299.52,77,22,4.09,YE,1697570538
514,shanghai,31.2222,121.4581,291.44,91,0,1.0,CN,1697570403
515,muntilan,-7.5811,110.2928,293.9,95,29,0.88,ID,1697570461
516,penapolis,-21.4197,-50.0775,311.33,21,100,4.5,BR,1697570538
517,lagoa,39.05,-27.9833,293.33,89,13,10.31,PT,1697570538
518,micheweni,-4.9667,39.8333,299.42,84,84,3.8,TZ,1697570539
519,sandston,37.5235,-77.3158,291.14,60,100,6.17,US,1697570539
520,shenkursk,62.1091,42.896,277.56,68,100,1.79,RU,1697570539
521,kayangel,8.0823,134.7173,301.02,77,11,2.23,PW,1697570329
522,mount isa,-20.7333,139.5,295.02,20,0,5.14,AU,1697570539
523,kurchatov,51.6601,35.6521,280.05,68,2,5.12,RU,1697570539
524,ciudad lazaro cardenas,17.9583,-102.2,300.57,83,98,1.89,MX,1697570539
525,ati,13.2154,18.3353,307.94,14,7,3.52,TD,1697570540
526,tara,56.8944,74.371,283.7,85,11,2.68,RU,1697570540
527,mana,5.6592,-53.7767,303.2,65,13,5.11,GF,1697570540
528,duncan,34.5023,-97.9578,296.14,32,0,5.66,US,1697570510
529,sheregesh,52.9209,87.9869,276.73,84,68,1.09,RU,1697570540
530,manicore,-5.8092,-61.3003,308.89,36,100,1.41,BR,1697570540
531,hirara,24.8,125.2833,297.07,68,100,2.06,JP,1697570540
532,orhei,47.3831,28.8231,281.86,52,91,0.62,MD,1697570541
533,likiep,9.8251,169.3107,301.19,77,66,4.84,MH,1697570541
534,chihuahua,28.5,-106.0,298.61,30,5,2.32,MX,1697570541
535,yeppoon,-23.1333,150.7333,294.03,62,100,8.64,AU,1697570541
536,harlingen,26.1906,-97.6961,299.77,36,0,1.54,US,1697570490
537,ulety,51.3572,112.4849,273.89,84,98,3.95,RU,1697570541
538,north bend,43.4065,-124.2243,292.68,82,0,2.06,US,1697570401
539,boguchany,58.3814,97.4531,275.85,92,99,3.58,RU,1697570542
540,mahalapye,-23.1041,26.8142,294.55,48,17,5.66,BW,1697570542
541,gobindpur,22.6333,86.0667,296.43,79,5,1.29,IN,1697570542
542,biloela,-24.4167,150.5,288.28,80,45,4.05,AU,1697570542
543,tazacorte,28.629,-17.9293,297.69,83,20,2.24,ES,1697570542
544,white hall,34.274,-92.091,295.03,44,0,2.57,US,1697570542
545,mizdah,31.4451,12.9801,297.36,19,0,2.72,LY,1697570543
546,golere,16.2557,-14.1017,309.77,14,6,3.86,SN,1697570543
547,kaya,13.0917,-1.0844,305.76,29,84,0.94,BF,1697570543
548,kerikeri,-35.2268,173.9474,290.88,94,100,1.34,NZ,1697570543
549,sao joao nepomuceno,-21.54,-43.0106,306.44,41,99,1.64,BR,1697570543
550,mata-utu,-13.2816,-176.1745,300.42,80,100,9.52,WF,1697570543
551,korla,41.7597,86.1469,283.16,29,0,1.95,CN,1697570415
552,tshabong,-26.05,22.45,296.72,20,0,3.31,BW,1697570544
553,salalah,17.0151,54.0924,300.2,69,20,1.54,OM,1697570544
554,ocean shores,46.9737,-124.1563,287.57,94,100,3.6,US,1697570544
555,iwanai,42.9744,140.5089,282.83,79,47,1.86,JP,1697570544
556,manaure,11.7751,-72.4445,304.62,65,68,5.09,CO,1697570544
557,joaima,-16.6542,-41.0306,307.8,26,3,3.79,BR,1697570544
558,novotroitsk,51.203,58.3266,284.2,41,100,4.61,RU,1697570544
559,banjarmasin,-3.3244,114.591,300.23,81,15,1.24,ID,1697570544
560,meadow lakes,61.6247,-149.6011,281.83,62,100,0.79,US,1697570545
561,luau,-10.7073,22.2247,292.9,92,100,0.94,AO,1697570545
562,san martin,-33.081,-68.4681,297.45,17,0,2.59,AR,1697570545
563,kencong,-8.2833,113.3667,296.61,94,90,0.54,ID,1697570545
